-- phpMyAdmin SQL Dump
-- version 5.0.4
-- https://www.phpmyadmin.net/
--
-- Host: 127.0.0.1
-- Generation Time: Nov 30, 2021 at 05:39 AM
-- Server version: 10.4.17-MariaDB
-- PHP Version: 7.4.15

SET SQL_MODE = "NO_AUTO_VALUE_ON_ZERO";
START TRANSACTION;
SET time_zone = "+00:00";


/*!40101 SET @OLD_CHARACTER_SET_CLIENT=@@CHARACTER_SET_CLIENT */;
/*!40101 SET @OLD_CHARACTER_SET_RESULTS=@@CHARACTER_SET_RESULTS */;
/*!40101 SET @OLD_COLLATION_CONNECTION=@@COLLATION_CONNECTION */;
/*!40101 SET NAMES utf8mb4 */;

--
-- Database: `dbms_project`
--

DELIMITER $$
--
-- Functions
--
CREATE DEFINER=`root`@`localhost` FUNCTION `getUsername` (`uid` INT UNSIGNED) RETURNS VARCHAR(50) CHARSET utf8mb4 READS SQL DATA
BEGIN
 DECLARE usern varchar(50);
 SELECT username into usern FROM users
 WHERE users.id = uid;
 RETURN usern;
END$$

DELIMITER ;

-- --------------------------------------------------------

--
-- Table structure for table `comments`
--

CREATE TABLE `comments` (
  `id` int(11) NOT NULL,
  `userID` int(11) DEFAULT NULL,
  `postID` int(11) DEFAULT NULL,
  `message` varchar(255) DEFAULT NULL,
  `timestamp` timestamp NOT NULL DEFAULT current_timestamp()
) ENGINE=InnoDB DEFAULT CHARSET=utf8mb4;

--
-- Dumping data for table `comments`
--

INSERT INTO `comments` (`id`, `userID`, `postID`, `message`, `timestamp`) VALUES
(1, 2, 3, 'Yes I am want to learn.', '2021-05-03 05:53:48'),
(2, 2, 2, 'Wow This is very usefull Thank you', '2021-05-03 05:54:29'),
(3, 3, 2, 'Yes even i want to learn.', '2021-05-03 06:43:37'),
(4, 4, 6, 'Nice Post', '2021-05-09 08:13:49');

-- --------------------------------------------------------

--
-- Table structure for table `newblogs`
--

CREATE TABLE `newblogs` (
  `id` int(11) NOT NULL,
  `userID` int(11) DEFAULT NULL,
  `title` varchar(255) DEFAULT NULL,
  `description` blob DEFAULT NULL,
  `type` varchar(45) DEFAULT NULL,
  `timestamp` timestamp NOT NULL DEFAULT current_timestamp(),
  `pictureUrl` blob DEFAULT NULL,
  `hashtag` varchar(45) DEFAULT NULL
) ENGINE=InnoDB DEFAULT CHARSET=utf8mb4;

--
-- Dumping data for table `newblogs`
--

INSERT INTO `newblogs` (`id`, `userID`, `title`, `description`, `type`, `timestamp`, `pictureUrl`, `hashtag`) VALUES
(1, 1, 'WebDev', 0x57656220646576656c6f706d656e742069732074686520776f726b20696e766f6c76656420696e20646576656c6f70696e67206120576562207369746520666f722074686520496e7465726e6574206f7220616e20696e7472616e65742e2057656220646576656c6f706d656e742063616e2072616e67652066726f6d20646576656c6f70696e6720612073696d706c652073696e676c65207374617469632070616765206f6620706c61696e207465787420746f20636f6d706c657820776562206170706c69636174696f6e732c20656c656374726f6e696320627573696e65737365732c20616e6420736f6369616c206e6574776f726b2073657276696365732e, 'Blog', '2021-05-03 05:36:24', '', '#WebDev'),
(2, 1, 'WebDev', 0x57656220646576656c6f706d656e742069732074686520776f726b20696e766f6c76656420696e20646576656c6f70696e67206120576562207369746520666f722074686520496e7465726e6574206f7220616e20696e7472616e65742e2057656220646576656c6f706d656e742063616e2072616e67652066726f6d20646576656c6f70696e6720612073696d706c652073696e676c65207374617469632070616765206f6620706c61696e207465787420746f20636f6d706c657820776562206170706c69636174696f6e732c20656c656374726f6e696320627573696e65737365732c20616e6420736f6369616c206e6574776f726b2073657276696365732e, 'Image Blog', '2021-05-03 05:37:10', 0x68747470733a2f2f616e616c7974696373696e73696768742e622d63646e2e6e65742f77702d636f6e74656e742f75706c6f6164732f323032302f31312f4172746966696369616c2d496e74656c6c6967656e63652d352e6a7067, '#WebDev'),
(3, 1, 'WebDev', 0x57686572652063616e20796f75206c6561726e207765626465763f, 'Query', '2021-05-03 05:37:51', '', '#WebDev'),
(4, 1, 'WebDev', 0x576576446576207475746f7269616c206973207374617274696e672066726f6d20746f6461792e, 'Blog', '2021-05-03 05:38:37', '', '#WebDev'),
(5, 1, 'WebDev', 0x576562446576207475746f7269616c20617265207374617274696e6720746f6461792e, 'Announcement', '2021-05-03 05:39:07', '', '#WebDev'),
(6, 2, 'Cyber Security', 0x436f6d70757465722073656375726974792c2063796265727365637572697479206f7220696e666f726d6174696f6e20746563686e6f6c6f6779207365637572697479206973207468652070726f74656374696f6e206f6620636f6d70757465722073797374656d7320616e64206e6574776f726b732066726f6d20696e666f726d6174696f6e20646973636c6f737572652c207468656674206f66206f722064616d61676520746f2074686569722068617264776172652c20736f6674776172652c206f7220656c656374726f6e696320646174612c2061732077656c6c2061732066726f6d207468652064697372757074696f6e206f72206d6973646972656374696f6e206f662074686520736572766963657320746865792070726f766964652e, 'Image Blog', '2021-05-03 05:50:30', 0x68747470733a2f2f7777772e70616e646173656375726974792e636f6d2f656e2f6d6564696163656e7465722f7372632f75706c6f6164732f323032302f30382f636f7669642d31392d637962657273656375726974792d737461746973746963732d6865726f2e6a7067, '#Cyber Security'),
(8, 2, 'Python Question', 0x446f20596f752077616e7420746f206c6561726e20707974686f6e3f3f, 'Query', '2021-05-03 05:53:02', '', '#python');

-- --------------------------------------------------------

--
-- Table structure for table `users`
--

CREATE TABLE `users` (
  `id` int(11) NOT NULL,
  `email` varchar(255) DEFAULT NULL,
  `username` varchar(45) DEFAULT NULL,
  `profileUrl` varchar(500) DEFAULT NULL,
  `timestamp` timestamp NOT NULL DEFAULT current_timestamp(),
  `bio` blob DEFAULT NULL,
  `skills` blob DEFAULT NULL,
  `password` varchar(255) DEFAULT NULL,
  `vkey` varchar(45) NOT NULL,
  `verified` int(1) NOT NULL DEFAULT 0,
  `createdate` timestamp(6) NOT NULL DEFAULT current_timestamp(6)
) ENGINE=InnoDB DEFAULT CHARSET=utf8mb4;

--
-- Dumping data for table `users`
--

INSERT INTO `users` (`id`, `email`, `username`, `profileUrl`, `timestamp`, `bio`, `skills`, `password`, `vkey`, `verified`, `createdate`) VALUES
(1, 'pratik.jh2017@gmail.com', 'Pratik', 'https://cdn.vox-cdn.com/thumbor/rJcbF72KYppDls3yVsDPTODib7g=/0x0:2400x1194/1200x800/filters:focal(1101x111:1485x495)/cdn.vox-cdn.com/uploads/chorus_image/image/65948069/Screen_Shot_2019_12_20_at_2.19.38_PM.0.png', '2021-05-03 05:31:47', 0x4869204920616d2050726174696b2e204920616d207374756464696e6720422e7465636820616e64204920616d20696e206d7920326e642079656172206578616d732121, 0x576562446576, 'e10adc3949ba59abbe56e057f20f883e', 'ed77c9fc70c88d7e58af82f42792af98', 1, '2021-05-03 05:31:47.953008'),
(2, '20190802004@dypiu.ac.in', 'Gauri', 'https://www.channelfutures.com/files/2019/10/security-challenge.jpg', '2021-05-03 05:44:56', 0x57656c636f6d6520746f206d7920776f726c64206f66204b6e6f776c656467652e, 0x2343796265725365637572697479, 'e10adc3949ba59abbe56e057f20f883e', '6a15a323d5699b5857d3d5390fbee78c', 1, '2021-05-03 05:44:56.672240'),
(3, 'krushal201@gmail.com', 'Krushal', 'https://upload.wikimedia.org/wikipedia/commons/thumb/0/0a/Python.svg/1200px-Python.svg.png', '2021-05-03 06:38:52', 0x4869204920616d206b72757368616c2066726f6d20422e746563682e20, 0x507974686f6e, 'e10adc3949ba59abbe56e057f20f883e', 'f3ddbe2a87c3e33030ade927ebfa7a53', 1, '2021-05-03 06:38:52.535902'),
(4, 'divangishah@yahoo.co.in', 'Divangi', 'https://encrypted-tbn0.gstatic.com/images?q=tbn:ANd9GcTVcCJbH9hpWanAAi4mFSLA5XBf-uR4ymxycNFW3IZNxUBv1H2dbcMEh3QPt8XPplxeQQA&usqp=CAU', '2021-05-09 08:08:30', 0x4869204920616d20646976616e67692e, 0x677261706869632064657369676e6572, 'e10adc3949ba59abbe56e057f20f883e', '409f003ed2d8b109ae8692f6791a70e0', 1, '2021-05-09 08:08:30.843391');

--
-- Indexes for dumped tables
--

--
-- Indexes for table `comments`
--
ALTER TABLE `comments`
  ADD PRIMARY KEY (`id`);

--
-- Indexes for table `newblogs`
--
ALTER TABLE `newblogs`
  ADD PRIMARY KEY (`id`);

--
-- Indexes for table `users`
--
ALTER TABLE `users`
  ADD PRIMARY KEY (`id`);

--
-- AUTO_INCREMENT for dumped tables
--

--
-- AUTO_INCREMENT for table `comments`
--
ALTER TABLE `comments`
  MODIFY `id` int(11) NOT NULL AUTO_INCREMENT, AUTO_INCREMENT=5;

--
-- AUTO_INCREMENT for table `newblogs`
--
ALTER TABLE `newblogs`
  MODIFY `id` int(11) NOT NULL AUTO_INCREMENT, AUTO_INCREMENT=10;

--
-- AUTO_INCREMENT for table `users`
--
ALTER TABLE `users`
  MODIFY `id` int(11) NOT NULL AUTO_INCREMENT, AUTO_INCREMENT=5;
COMMIT;

/*!40101 SET CHARACTER_SET_CLIENT=@OLD_CHARACTER_SET_CLIENT */;
/*!40101 SET CHARACTER_SET_RESULTS=@OLD_CHARACTER_SET_RESULTS */;
/*!40101 SET COLLATION_CONNECTION=@OLD_COLLATION_CONNECTION */;
